{
  "properties": {
    "connectionReferences": {
      "shared_commondataserviceforapps": {
        "api": {
          "name": "shared_commondataserviceforapps"
        },
        "connection": {
          "connectionReferenceLogicalName": "pp_sharedcommondataserviceforapps_81beb"
        },
        "runtimeSource": "embedded"
      }
    },
    "definition": {
      "$schema": "https://schema.management.azure.com/providers/Microsoft.Logic/schemas/2016-06-01/workflowdefinition.json#",
      "contentVersion": "1.0.0.0",
      "parameters": {
        "$authentication": {
          "defaultValue": {},
          "type": "SecureObject"
        },
        "$connections": {
          "defaultValue": {},
          "type": "Object"
        }
      },
      "triggers": {
        "manual": {
          "type": "Request",
          "kind": "PowerAppV2",
          "inputs": {
            "schema": {
              "type": "object",
              "properties": {},
              "required": []
            }
          },
          "metadata": {
            "operationMetadataId": "2920e1ea-ab50-4729-9209-07055a6918a2"
          }
        }
      },
      "actions": {
        "Try": {
          "type": "Scope",
          "actions": {
            "List_Players": {
              "type": "OpenApiConnection",
              "inputs": {
                "parameters": {
                  "entityName": "pp_elements"
                },
                "host": {
                  "apiId": "/providers/Microsoft.PowerApps/apis/shared_commondataserviceforapps",
                  "operationId": "ListRecords",
                  "connectionName": "shared_commondataserviceforapps"
                }
              },
              "metadata": {
                "operationMetadataId": "001bc9d3-b9c0-4f74-a804-b3eaa978a6ce"
              }
            },
            "Apply_to_each_Player": {
              "type": "Foreach",
              "foreach": "@outputs('List_Players')?['body/value']",
              "actions": {
                "Compose_image_url": {
                  "type": "Compose",
                  "inputs": "@concat('https://resources.premierleague.com/premierleague/photos/players/250x250/p',items('Apply_to_each_Player')?['pp_code'],'.png')",
                  "metadata": {
                    "operationMetadataId": "94c41728-a7a2-4ae6-9c71-b76a52962423"
                  }
                },
                "Request_Image": {
                  "type": "Http",
                  "inputs": {
                    "uri": "@{outputs('Compose_image_url')}",
                    "method": "GET"
                  },
                  "runAfter": {
                    "Compose_image_url": [
                      "Succeeded"
                    ]
                  },
                  "metadata": {
                    "operationMetadataId": "b350ba87-0a8f-446c-a36e-d1092b1c8b51"
                  }
                },
                "Upload_player_image": {
                  "type": "OpenApiConnection",
                  "inputs": {
                    "parameters": {
                      "x-ms-file-name": "@items('Apply_to_each_Player')?['pp_name']",
                      "entityName": "pp_elements",
                      "recordId": "@items('Apply_to_each_Player')?['pp_elementid']",
                      "fileImageFieldName": "pp_photo_image",
                      "item": "@body('Request_Image')"
                    },
                    "host": {
                      "apiId": "/providers/Microsoft.PowerApps/apis/shared_commondataserviceforapps",
                      "operationId": "UpdateEntityFileImageFieldContent",
                      "connectionName": "shared_commondataserviceforapps"
                    }
                  },
                  "runAfter": {
                    "Request_Image": [
                      "Succeeded"
                    ]
                  },
                  "metadata": {
                    "operationMetadataId": "0e609fc2-f36f-4222-a6b2-837228c834c5"
                  }
                },
                "Request_Image-copy": {
                  "type": "Http",
                  "inputs": {
                    "uri": "@outputs('Compose_image_url-copy')",
                    "method": "GET"
                  },
                  "runAfter": {
                    "Compose_image_url-copy": [
                      "Succeeded"
                    ]
                  },
                  "metadata": {
                    "operationMetadataId": "b350ba87-0a8f-446c-a36e-d1092b1c8b51"
                  }
                },
                "Compose_image_url-copy": {
                  "type": "Compose",
                  "inputs": "@concat('https://fantasy.premierleague.com/dist/img/shirts/standard/shirt_',items('Apply_to_each_Player')?['pp_team_code'],'-110.png')\r\n",
                  "runAfter": {
                    "Request_Image": [
                      "Failed"
                    ]
                  },
                  "metadata": {
                    "operationMetadataId": "94c41728-a7a2-4ae6-9c71-b76a52962423"
                  }
                },
                "Upload_player_image-copy": {
                  "type": "OpenApiConnection",
                  "inputs": {
                    "parameters": {
                      "x-ms-file-name": "shirt.png",
                      "entityName": "pp_elements",
                      "recordId": "@items('Apply_to_each_Player')?['pp_elementid']",
                      "fileImageFieldName": "pp_photo_image",
                      "item": "@body('Request_Image-copy')"
                    },
                    "host": {
                      "apiId": "/providers/Microsoft.PowerApps/apis/shared_commondataserviceforapps",
                      "operationId": "UpdateEntityFileImageFieldContent",
                      "connectionName": "shared_commondataserviceforapps"
                    }
                  },
                  "runAfter": {
                    "Request_Image-copy": [
                      "Succeeded"
                    ]
                  },
                  "metadata": {
                    "operationMetadataId": "0e609fc2-f36f-4222-a6b2-837228c834c5"
                  }
                },
                "Update_a_row": {
                  "type": "OpenApiConnection",
                  "inputs": {
                    "parameters": {
                      "entityName": "pp_elements",
                      "recordId": "@item()?['pp_elementid']",
                      "item/pp_photo": "shirt.png"
                    },
                    "host": {
                      "apiId": "/providers/Microsoft.PowerApps/apis/shared_commondataserviceforapps",
                      "operationId": "UpdateRecord",
                      "connectionName": "shared_commondataserviceforapps"
                    }
                  },
                  "runAfter": {
                    "Upload_player_image-copy": [
                      "SUCCEEDED"
                    ]
                  }
                },
                "Update_a_row-copy": {
                  "type": "OpenApiConnection",
                  "inputs": {
                    "parameters": {
                      "entityName": "pp_elements",
                      "recordId": "@item()?['pp_elementid']",
                      "item/pp_photo": "@concat('p',items('Apply_to_each_Player')?['pp_code'],'.png')"
                    },
                    "host": {
                      "apiId": "/providers/Microsoft.PowerApps/apis/shared_commondataserviceforapps",
                      "operationId": "UpdateRecord",
                      "connectionName": "shared_commondataserviceforapps"
                    }
                  },
                  "runAfter": {
                    "Upload_player_image": [
                      "SUCCEEDED"
                    ]
                  }
                }
              },
              "runAfter": {
                "List_Players": [
                  "Succeeded"
                ]
              },
              "metadata": {
                "operationMetadataId": "f175a1cc-8e28-45a8-8a6f-0103bc6ef0ae"
              }
            }
          },
          "runAfter": {},
          "metadata": {
            "operationMetadataId": "cf7d5c5a-0947-4ed2-b86f-0b779f0202e9"
          }
        },
        "Catch": {
          "type": "Scope",
          "actions": {
            "Respond_to_a_PowerApp_or_flow": {
              "type": "Response",
              "kind": "PowerApp",
              "inputs": {
                "schema": {
                  "type": "object",
                  "properties": {
                    "message": {
                      "title": "message",
                      "x-ms-dynamically-added": true,
                      "type": "string"
                    }
                  },
                  "additionalProperties": {}
                },
                "statusCode": 200,
                "body": {
                  "message": "some images are missing"
                }
              },
              "metadata": {
                "operationMetadataId": "89eb33b8-fe3f-4b81-9905-afb2de14979d"
              }
            }
          },
          "runAfter": {
            "Try": [
              "Failed",
              "TimedOut"
            ]
          },
          "metadata": {
            "operationMetadataId": "5ee2eb27-f556-4de6-9f70-bb0f8e576c9a"
          }
        },
        "Success": {
          "type": "Scope",
          "actions": {
            "Respond_to_a_PowerApp_or_flow_2": {
              "type": "Response",
              "kind": "PowerApp",
              "inputs": {
                "schema": {
                  "type": "object",
                  "properties": {
                    "message": {
                      "title": "message",
                      "x-ms-dynamically-added": true,
                      "type": "string"
                    }
                  },
                  "additionalProperties": {}
                },
                "statusCode": 200,
                "body": {
                  "message": "All images uploaded"
                }
              },
              "metadata": {
                "operationMetadataId": "dbcfb29e-dffa-405f-ab1d-dec3c892c1f0"
              }
            }
          },
          "runAfter": {
            "Catch": [
              "Skipped"
            ]
          },
          "metadata": {
            "operationMetadataId": "e0ab2e1c-3d1a-41a6-86fa-0d23c4ac77e2"
          }
        }
      }
    },
    "templateName": null
  },
  "schemaVersion": "1.0.0.0"
}