{
  "properties": {
    "connectionReferences": {
      "shared_commondataserviceforapps": {
        "runtimeSource": "embedded",
        "connection": {
          "connectionReferenceLogicalName": "pp_sharedcommondataserviceforapps_81beb"
        },
        "api": {
          "name": "shared_commondataserviceforapps"
        }
      }
    },
    "definition": {
      "$schema": "https://schema.management.azure.com/providers/Microsoft.Logic/schemas/2016-06-01/workflowdefinition.json#",
      "contentVersion": "1.0.0.0",
      "parameters": {
        "$connections": {
          "defaultValue": {},
          "type": "Object"
        },
        "$authentication": {
          "defaultValue": {},
          "type": "SecureObject"
        }
      },
      "triggers": {
        "manual": {
          "metadata": {
            "operationMetadataId": "500359b0-9bab-4143-b993-4e180bdbae04"
          },
          "type": "Request",
          "kind": "PowerAppV2",
          "inputs": {
            "schema": {
              "type": "object",
              "properties": {
                "text": {
                  "title": "PlayerID",
                  "type": "string",
                  "x-ms-dynamically-added": true,
                  "description": "Please enter your input",
                  "x-ms-content-hint": "TEXT"
                },
                "text_1": {
                  "title": "URL",
                  "type": "string",
                  "x-ms-dynamically-added": true,
                  "description": "Please enter your input",
                  "x-ms-content-hint": "TEXT"
                },
                "text_2": {
                  "description": "Please enter your input",
                  "title": "code",
                  "type": "string",
                  "x-ms-content-hint": "TEXT",
                  "x-ms-dynamically-added": true
                },
                "text_3": {
                  "title": "id",
                  "type": "string",
                  "x-ms-dynamically-added": true,
                  "description": "Please enter your input",
                  "x-ms-content-hint": "TEXT"
                }
              },
              "required": [
                "text",
                "text_1",
                "text_2",
                "text_3"
              ]
            }
          }
        }
      },
      "actions": {
        "Try_to_update_Image": {
          "actions": {
            "HTTP": {
              "runAfter": {},
              "metadata": {
                "operationMetadataId": "e904835f-0afa-46c7-b438-9adf584061d1"
              },
              "type": "Http",
              "inputs": {
                "method": "GET",
                "uri": "@triggerBody()['text_1']"
              }
            },
            "Upload_a_file_or_an_image": {
              "runAfter": {
                "HTTP": [
                  "Succeeded"
                ]
              },
              "metadata": {
                "operationMetadataId": "f14218ce-1db7-4e74-9c1d-8a1d879a712e"
              },
              "type": "OpenApiConnection",
              "inputs": {
                "host": {
                  "connectionName": "shared_commondataserviceforapps",
                  "operationId": "UpdateEntityFileImageFieldContent",
                  "apiId": "/providers/Microsoft.PowerApps/apis/shared_commondataserviceforapps"
                },
                "parameters": {
                  "entityName": "pp_elements",
                  "recordId": "@triggerBody()['text']",
                  "fileImageFieldName": "pp_photo_image",
                  "item": "@body('HTTP')",
                  "x-ms-file-name": "@concat('p',triggerBody()['text_3'],'.png')"
                },
                "authentication": "@parameters('$authentication')"
              }
            },
            "Compose": {
              "runAfter": {
                "HTTP": [
                  "Failed"
                ]
              },
              "metadata": {
                "operationMetadataId": "da5fe329-1177-4331-be10-85a3e0439ac6"
              },
              "type": "Compose",
              "inputs": "@concat('https://fantasy.premierleague.com/dist/img/shirts/standard/shirt_',triggerBody()?['text_2'],'-110.png')"
            },
            "HTTP_1": {
              "runAfter": {
                "Compose": [
                  "Succeeded"
                ]
              },
              "metadata": {
                "operationMetadataId": "c3be5caa-7587-4261-a4ec-5a2ff062bd54"
              },
              "type": "Http",
              "inputs": {
                "method": "GET",
                "uri": "@outputs('Compose')"
              },
              "runtimeConfiguration": {
                "contentTransfer": {
                  "transferMode": "Chunked"
                }
              }
            },
            "Upload_a_file_or_an_image-copy": {
              "runAfter": {
                "HTTP_1": [
                  "Succeeded"
                ]
              },
              "metadata": {
                "operationMetadataId": "f14218ce-1db7-4e74-9c1d-8a1d879a712e"
              },
              "type": "OpenApiConnection",
              "inputs": {
                "host": {
                  "connectionName": "shared_commondataserviceforapps",
                  "operationId": "UpdateEntityFileImageFieldContent",
                  "apiId": "/providers/Microsoft.PowerApps/apis/shared_commondataserviceforapps"
                },
                "parameters": {
                  "entityName": "pp_elements",
                  "recordId": "@triggerBody()['text']",
                  "fileImageFieldName": "pp_photo_image",
                  "item": "@body('HTTP_1')",
                  "x-ms-file-name": "shirt.png"
                },
                "authentication": "@parameters('$authentication')"
              }
            },
            "Update_a_row-copy": {
              "runAfter": {
                "Upload_a_file_or_an_image-copy": [
                  "Succeeded"
                ]
              },
              "metadata": {
                "operationMetadataId": "44e15881-7688-4df1-8163-5ec5a9120f5f"
              },
              "type": "OpenApiConnection",
              "inputs": {
                "host": {
                  "connectionName": "shared_commondataserviceforapps",
                  "operationId": "UpdateRecord",
                  "apiId": "/providers/Microsoft.PowerApps/apis/shared_commondataserviceforapps"
                },
                "parameters": {
                  "entityName": "pp_elements",
                  "recordId": "@triggerBody()?['text']",
                  "item/pp_photo": "shirt.png"
                },
                "authentication": "@parameters('$authentication')"
              }
            },
            "Update_a_row-copy_2": {
              "runAfter": {
                "Upload_a_file_or_an_image": [
                  "Succeeded"
                ]
              },
              "metadata": {
                "operationMetadataId": "99dc94fc-7af5-44e2-8902-1411cc4413dd"
              },
              "type": "OpenApiConnection",
              "inputs": {
                "host": {
                  "connectionName": "shared_commondataserviceforapps",
                  "operationId": "UpdateRecord",
                  "apiId": "/providers/Microsoft.PowerApps/apis/shared_commondataserviceforapps"
                },
                "parameters": {
                  "entityName": "pp_elements",
                  "recordId": "@triggerBody()?['text']",
                  "item/pp_photo": "@concat('p',triggerBody()['text_3'],'.png')"
                },
                "authentication": "@parameters('$authentication')"
              }
            }
          },
          "runAfter": {},
          "metadata": {
            "operationMetadataId": "f8c04a95-b11b-4273-b8a3-afc06d0cef24"
          },
          "type": "Scope"
        },
        "Respond_to_a_Power_App_or_flow": {
          "runAfter": {
            "Try_to_update_Image": [
              "Succeeded"
            ]
          },
          "metadata": {
            "operationMetadataId": "9500679e-dcae-4110-8279-1d3a89249626"
          },
          "type": "Response",
          "kind": "PowerApp",
          "inputs": {
            "statusCode": 200,
            "body": {
              "result": "success"
            },
            "schema": {
              "type": "object",
              "properties": {
                "result": {
                  "title": "result",
                  "x-ms-dynamically-added": true,
                  "type": "string"
                }
              }
            }
          }
        },
        "Respond_to_a_Power_App_or_flow_2": {
          "runAfter": {
            "Try_to_update_Image": [
              "Failed",
              "TimedOut"
            ]
          },
          "metadata": {
            "operationMetadataId": "f929485e-2357-44bc-88da-e81cefa923a3"
          },
          "type": "Response",
          "kind": "PowerApp",
          "inputs": {
            "statusCode": 200,
            "body": {
              "result": "failed"
            },
            "schema": {
              "type": "object",
              "properties": {
                "result": {
                  "title": "result",
                  "x-ms-dynamically-added": true,
                  "type": "string"
                }
              }
            }
          }
        }
      },
      "outputs": {}
    },
    "templateName": ""
  },
  "schemaVersion": "1.0.0.0"
}