<ImportExportXml version="9.2.24073.190" SolutionPackageVersion="9.2" languagecode="1033" generatedBy="CrmLive" xmlns:xsi="http://www.w3.org/2001/XMLSchema-instance">
  <SolutionManifest>
    <UniqueName>StattoStickers</UniqueName>
    <LocalizedNames>
      <LocalizedName description="Statto Stickers" languagecode="1033" />
    </LocalizedNames>
    <Descriptions />
    <Version>1.0.0.6</Version>
    <Managed>1</Managed>
    <Publisher>
      <UniqueName>pensplace</UniqueName>
      <LocalizedNames>
        <LocalizedName description="PensPlace" languagecode="1033" />
      </LocalizedNames>
      <Descriptions />
      <EMailAddress xsi:nil="true"></EMailAddress>
      <SupportingWebsiteUrl xsi:nil="true"></SupportingWebsiteUrl>
      <CustomizationPrefix>pp</CustomizationPrefix>
      <CustomizationOptionValuePrefix>42000</CustomizationOptionValuePrefix>
      <Addresses>
        <Address>
          <AddressNumber>1</AddressNumber>
          <AddressTypeCode>1</AddressTypeCode>
          <City xsi:nil="true"></City>
          <County xsi:nil="true"></County>
          <Country xsi:nil="true"></Country>
          <Fax xsi:nil="true"></Fax>
          <FreightTermsCode xsi:nil="true"></FreightTermsCode>
          <ImportSequenceNumber xsi:nil="true"></ImportSequenceNumber>
          <Latitude xsi:nil="true"></Latitude>
          <Line1 xsi:nil="true"></Line1>
          <Line2 xsi:nil="true"></Line2>
          <Line3 xsi:nil="true"></Line3>
          <Longitude xsi:nil="true"></Longitude>
          <Name xsi:nil="true"></Name>
          <PostalCode xsi:nil="true"></PostalCode>
          <PostOfficeBox xsi:nil="true"></PostOfficeBox>
          <PrimaryContactName xsi:nil="true"></PrimaryContactName>
          <ShippingMethodCode>1</ShippingMethodCode>
          <StateOrProvince xsi:nil="true"></StateOrProvince>
          <Telephone1 xsi:nil="true"></Telephone1>
          <Telephone2 xsi:nil="true"></Telephone2>
          <Telephone3 xsi:nil="true"></Telephone3>
          <TimeZoneRuleVersionNumber xsi:nil="true"></TimeZoneRuleVersionNumber>
          <UPSZone xsi:nil="true"></UPSZone>
          <UTCOffset xsi:nil="true"></UTCOffset>
          <UTCConversionTimeZoneCode xsi:nil="true"></UTCConversionTimeZoneCode>
        </Address>
        <Address>
          <AddressNumber>2</AddressNumber>
          <AddressTypeCode>1</AddressTypeCode>
          <City xsi:nil="true"></City>
          <County xsi:nil="true"></County>
          <Country xsi:nil="true"></Country>
          <Fax xsi:nil="true"></Fax>
          <FreightTermsCode xsi:nil="true"></FreightTermsCode>
          <ImportSequenceNumber xsi:nil="true"></ImportSequenceNumber>
          <Latitude xsi:nil="true"></Latitude>
          <Line1 xsi:nil="true"></Line1>
          <Line2 xsi:nil="true"></Line2>
          <Line3 xsi:nil="true"></Line3>
          <Longitude xsi:nil="true"></Longitude>
          <Name xsi:nil="true"></Name>
          <PostalCode xsi:nil="true"></PostalCode>
          <PostOfficeBox xsi:nil="true"></PostOfficeBox>
          <PrimaryContactName xsi:nil="true"></PrimaryContactName>
          <ShippingMethodCode>1</ShippingMethodCode>
          <StateOrProvince xsi:nil="true"></StateOrProvince>
          <Telephone1 xsi:nil="true"></Telephone1>
          <Telephone2 xsi:nil="true"></Telephone2>
          <Telephone3 xsi:nil="true"></Telephone3>
          <TimeZoneRuleVersionNumber xsi:nil="true"></TimeZoneRuleVersionNumber>
          <UPSZone xsi:nil="true"></UPSZone>
          <UTCOffset xsi:nil="true"></UTCOffset>
          <UTCConversionTimeZoneCode xsi:nil="true"></UTCConversionTimeZoneCode>
        </Address>
      </Addresses>
    </Publisher>
    <RootComponents>
      <RootComponent type="1" schemaName="pp_element" behavior="0" />
      <RootComponent type="1" schemaName="pp_elementtypes" behavior="0" />
      <RootComponent type="1" schemaName="pp_events" behavior="0" />
      <RootComponent type="1" schemaName="pp_gameweekdata" behavior="0" />
      <RootComponent type="1" schemaName="pp_mystickers" behavior="0" />
      <RootComponent type="1" schemaName="pp_phase" behavior="0" />
      <RootComponent type="1" schemaName="pp_predictions" behavior="0" />
      <RootComponent type="1" schemaName="pp_stickers" behavior="0" />
      <RootComponent type="1" schemaName="pp_team" behavior="0" />
      <RootComponent type="1" schemaName="pp_usersettings" behavior="0" />
      <RootComponent type="1" schemaName="systemuser" behavior="1" />
      <RootComponent type="9" schemaName="pp_stickertype" behavior="0" />
      <RootComponent type="29" id="{625848ab-dcc7-ee11-9079-000d3ad4fee5}" behavior="0" />
      <RootComponent type="29" id="{8fd7d72d-705d-ef11-bfe4-00224840544b}" behavior="0" />
      <RootComponent type="29" id="{f8d6553f-4b50-ef11-bfe3-6045bdfccf9b}" behavior="0" />
      <RootComponent type="29" id="{fc422842-ab5d-ef11-bfe4-6045bd13a698}" behavior="0" />
      <RootComponent type="62" schemaName="pp_StickersManagement" behavior="0" />
      <RootComponent type="80" schemaName="pp_StickersManagement" behavior="0" />
      <RootComponent type="300" schemaName="pp_stickers2023_16e1a" behavior="0" />
      <RootComponent type="372" id="{238579c7-cace-473e-8eff-b6f872265efc}" schemaName="pp_pensplace-20fpl" behavior="0" />
      <RootComponent type="372" id="{6e4a453d-20fd-4e3c-9c4e-9ae50c1bd4a9}" schemaName="pp_statto" behavior="0" />
      <RootComponent type="431" schemaName="pp_element pp_photo_image" behavior="0" />
      <RootComponent type="431" schemaName="pp_mystickers pp_image" behavior="0" />
      <RootComponent type="431" schemaName="pp_stickers pp_image" behavior="0" />
      <RootComponent type="431" schemaName="pp_team pp_coach_photo" behavior="0" />
      <RootComponent type="431" schemaName="pp_team pp_ground_photo" behavior="0" />
      <RootComponent type="432" schemaName="pp_element" behavior="0" />
      <RootComponent type="432" schemaName="pp_mystickers" behavior="0" />
      <RootComponent type="432" schemaName="pp_stickers" behavior="0" />
      <RootComponent type="432" schemaName="pp_team" behavior="0" />
    </RootComponents>
    <MissingDependencies>
      <MissingDependency>
        <Required type="300" schemaName="cat_powercatcomponentlibrary_0be3a" displayName="Power CAT Component Library" solution="CreatorKitCore (1.0.20240529.1)" />
        <Dependent type="300" schemaName="pp_stickers2023_16e1a" displayName="Premier League Stickers" />
      </MissingDependency>
      <MissingDependency>
        <Required type="61" schemaName="msdyn_/Images/AppModule_Default_Icon.png" displayName="msdyn_/Images/AppModule_Default_Icon.png" solution="AppModuleWebResources (2.5)" />
        <Dependent type="80" schemaName="pp_StickersManagement" displayName="Stickers Management" />
      </MissingDependency>
      <MissingDependency>
        <Required type="66" schemaName="pdd_CustomControl.PowerDragDrop" displayName="pdd_CustomControl.PowerDragDrop" solution="PowerDragDrop (1.1.0.0)" />
        <Dependent type="300" schemaName="pp_stickers2023_16e1a" displayName="Premier League Stickers" />
      </MissingDependency>
      <MissingDependency>
        <Required type="SettingDefinition" displayName="AppChannel" solution="msdyn_AppFrameworkInfraExtensions (1.0.0.11)" id.uniquename="AppChannel" />
        <Dependent type="AppSetting" displayName="parentappmoduleid.uniquename=pp_StickersManagement,settingdefinitionid.uniquename=AppChannel" id.parentappmoduleid.uniquename="pp_StickersManagement" id.settingdefinitionid.uniquename="AppChannel" />
      </MissingDependency>
    </MissingDependencies>
  </SolutionManifest>
</ImportExportXml>